{"_wandb": {"runtime": 375}, "train/total_loss": 0.0001120299129979685, "train/kl_loss": 0.0001120299129979685, "train/reward_loss": -0.0, "train/mean_reward_t1": 0.0, "train/mean_reward_t2": 0.0, "train/reward_improvement": 0.0, "train/learning_rate": 0.0, "train/edit_distance_ratio": 0.7529829405384084, "train/bleu_score": 0.0, "train/rouge_score": 0.0, "train/cyclomatic_complexity": 6.0, "_timestamp": 1733451814.632309, "_runtime": 360.5718779563904, "_step": 1}